Gene Name,Full name,KH gene ID,sgRNA name,Identified in scRNAseq 6-14 hpf? (Yes or No),Universal sgRNA name (e:exon ; enh:enhancer ; i:intron ; p:promotor) + (number:localisation) + (.letter:number design),Code localisation plate cloning (if exist),Scientist Who did it?,Class of genetic element (coding or not coding?),Genomic region / Coordinates,Coordinates of the sgRNA,Protospacer + PAM Sequence (protospacer: specific ~20bp before PAM in genome),Specificity score,Doench 16' Fusi score,Percentage Mutagenesis (in %) (previous result no more today),Peakshift (cut efficiency),Orientation,Primer annealing FWD,Primer annealing REV,Reference,Notes
ARHGAP 5/35,Rho GTPase Activation Protein 5/35,KH.L105.4,Arhgap5/35.A,Yes,sgARHGAP5/35_e2.A,9CA,Alberto Stolfi / Margaux Failla,coding,exon 2,"KhL105:26,710..26,732",GGGTTCGTGTGATGGTTCCG GGG,100,61,-,-,rev,,,,
ARHGAP 5/35,Rho GTPase Activation Protein 5/35,KH.L105.4,Arhgap5/35.B,Yes,sgARHGAP5/35_e3.A,9CB,Alberto Stolfi / Margaux Failla,coding,exon 3,"KhL105:27,160..27,182",CTGGTGATGGCAGAACTACG GGG,100,74,-,0.3234,rev,,,,
ARHGAP 5/35,Rho GTPase Activation Protein 5/35,KH.L105.4,Arhgap5/35.C,Yes,sgARHGAP5/35_e4.A,9CC,Alberto Stolfi / Margaux Failla,coding,exon 4,"KhL105:28,091..28,113",GAGGTCCTCCCATACTCCCA AGG,100,63,-,-,fwd,,,,
DCTN 6,Dynactin subunit 6,KH.L71.14,Dynactin 6.A,Yes,sgDCTN6_e2.A,7CA,Alberto Stolfi / Margaux Failla,coding,exon 2,"KhL71:115,532..115,554",AGAGGGCAGTATAACAATCG GGG,100,71,-,0.1238,fwd,,,,
DCTN 6,Dynactin subunit 6,KH.L71.14,Dynactin 6.B,Yes,sgDCTN6_e3.A,7CB,Alberto Stolfi / Margaux Failla,coding,exon 3,"KhL71:114,904..114,926",CGTTCGAAGTTGGATCAGGT GGG,100,66,-,-,fwd,,,,
DCTN 6,Dynactin subunit 6,KH.L71.14,Dynactin 6.C,Yes,sgDCTN6_e5.A,7CC,Alberto Stolfi / Margaux Failla,coding,exon 5,"KhL71:114,371..114,393",AACAGTTGTGTCATCGGTGC TGG,97,50,-,-,fwd,,,,
DIAPH,Diaph,KH.L40.10,Diaph.A,Yes,sgDIAPH_e2.A,4HA,Alberto Stolfi / Margaux Failla,coding,exon 2,"KhL40:109,142..109,164",GGCCACCAAACTATCCGAGA GGG,100,65,-,-,fwd,,,,
DIAPH,Diaph,KH.L40.10,Diaph.B,Yes,sgDIAPH_e4.A,4HB,Alberto Stolfi / Margaux Failla,coding,exon 4,"KhL40:105,530..105,552",CACTCAACAGCAACCCACTC AGG,99,55,-,-,fwd,,,,
DIAPH,Diaph,KH.L40.10,Diaph.C,Yes,sgDIAPH_e7.A,4HC,Alberto Stolfi / Margaux Failla,coding,exon 7,"KhL40:103,154..103,176",GAAGTGGCCGCAGTTACGAG TGG,100,66,-,0.005,fwd,,,,
FBP,Formin Binding Protein,KH.C13.73,Fbp.A,Yes,sgFBP_e2.A,1FA,Alberto Stolfi / Margaux Failla,coding,exon 2,"KhC13:1,724,746..1,724,768",GGAGCGTTGTCAGATAGAGC AGG,74,58,-,-,fwd,,,,
FBP,Formin Binding Protein,KH.C13.73,Fbp.B,Yes,sgFBP_e6.A,1FB,Alberto Stolfi / Margaux Failla,coding,exon 6,"KhC13:1,731,173..1,731,195",AAAGTTACGAGAGCTGATGG TGG,100,67,-,0.1044,fwd,,,,
FBP,Formin Binding Protein,KH.C13.73,Fbp.C,Yes,sgFBP_e6.B,1FC,Alberto Stolfi / Margaux Failla,coding,exon 6,"KhC13:1,731,243..1,731,265",TTGGACGGAATGGAACAAGC TGG,100,57,-,-,fwd,,,,
FSCN,Fascin Actin-Bundling Protein,KH.L71.2,Fascin.A,,sgFSCN_e1.A,2DA,Margaux Failla,coding,exon 1,"KhL71:132,165..132,187",GGCTTCAAGATCGCAGCTAG TGG,100,59,-,-,fwd,,,,
FSCN,Fascin Actin-Bundling Protein,KH.L71.2,Fascin.B,,sgFSCN_e1.B,2DB,Alberto Stolfi / Margaux Failla,coding,exon 1,"KhL71:132,111..132,133",TTGGAGCAAGAACCTAACGG CGG,100,74,-,-0.0298,fwd,,,,
FSCN,Fascin Actin-Bundling Protein,KH.L71.2,Fascin.C,,sgFSCN_e2.A,2DC,Margaux Failla,coding,exon 2,"KhL71:130,741..130,763",CGGCTCCCAGGTAACGACCG AGG,100,68,-,-,rev,,,,
GNAIO,Gnaio,KH.C1.612,Gnaio 3BA,,sgGNAIO_e.A,3BA,Alberto Stolfi,coding,exon 1,"KhC1:4,939,624..4,939,646",TATCGATCGTAACCTCCGTG TGG,100,76,0.54%,-,fwd,,,,
GNAIO,Gnaio,KH.C1.612,Gnaio 3BB,,sgGNAIO_e.B,3BB,Alberto Stolfi,coding,exon 3,"KhC1:4,944,822..4,944,844",CTTCTGAGTAACCGTCCTCG TGG,100,68,0.46%,-,rev,,,,
GNAIO,Gnaio,KH.C1.612,Gnaio 3BC,,sgGNAIO_e.C,3BC,Alberto Stolfi,coding,exon 4,"KhC1:4,945,326..4,945,348",TTGGCTGGATCCCTGGAAGA TGG,99,50,0.83%,-,fwd,,,,
Gpr133-r,Gpr133-related,KH.C11.721,Gpr133-r.A,Yes,sgGpr133-r_e2.A,10BA,Alberto Stolfi / Margaux Failla,coding,exon 2,"KhC11:1,978,030..1,978,052",GGAATGGGTAATGATTCTGG TGG,100,81,-,0.064,fwd,,,,
Gpr133-r,Gpr133-related,KH.C11.721,Gpr133-r.B,Yes,sgGpr133-r_e9.A,10BB,Alberto Stolfi / Margaux Failla,coding,exon 9,"KhC11:1,972,585..1,972,607",GAGCGATAGAGATTGCACTC AGG,100,66,-,-,rev,,,,
Gpr133-r,Gpr133-related,KH.C11.721,Gpr133-r.C,Yes,sgGpr133-r_e9.B,10BC,Alberto Stolfi / Margaux Failla,coding,exon 9,"KhC11:1,972,526..1,972,548",GGAGGGTCCTTCTTAAAGAT CGG,99,60,-,-,fwd,,,,
Gpr84-related,Gpr84-related,KH.C4.675,Gpr84-related.A,Yes,sgGpr84-related_e3.A,10AA,Alberto Stolfi / Margaux Failla,coding,exon 3,"KhC4:2,777,406..2,777,428",ACGCTGTCTGGCCCACCGAT CGG,100,60,-,-,rev,,,,
Gpr84-related,Gpr84-related,KH.C4.675,Gpr84-related.B,Yes,sgGpr84-related_e4.A,10AB,Alberto Stolfi / Margaux Failla,coding,exon 4,"KhC4:2,778,375..2,778,397",CGCAGGCGCAATCAGCCACG AGG,99,64,-,0.1184,rev,,,,
Gpr84-related,Gpr84-related,KH.C4.675,Gpr84-related.C,Yes,sgGpr84-related_e4.B,10AC,Alberto Stolfi / Margaux Failla,coding,exon 4,"KhC4:2,778,425..2,778,447",GCCGACGGGTTACCTATCAT AGG,100,60,-,-,fwd,,,,
IPPK,Inositol-Pentakisphosphate 2-Kinase,KH.C3.420,Ippk.A,Yes,sgIPPK_e1.A,6HA,Alberto Stolfi / Margaux Failla,coding,exon 1,"KhC3:4,620,030..4,620,052",CATGTGTCGCCGACTCGTCA AGG,100,54,-,-,rev,,,,
IPPK,Inositol-Pentakisphosphate 2-Kinase,KH.C3.420,Ippk.B,Yes,sgIPPK_e1.B,6HB,Alberto Stolfi / Margaux Failla,coding,exon 1 (accessible),"KhC3:4,619,867..4,619,889",AACGAACGTAATGGCTCACG CGG,100,73,-,0.3348,fwd,,,,
IPPK,Inositol-Pentakisphosphate 2-Kinase,KH.C3.420,Ippk.C,Yes,sgIPPK_e1.C,6HC,Alberto Stolfi / Margaux Failla,coding,exon 1,"KhC3:4,619,689..4,619,711",GATGTCATCATTACGACGCA CGG,99,68,-,-,rev,,,,
RAB 11,"RAB11, Member RAS Oncogene Family",KH.L96.34,Rab11.A,No,sgRAB11_e2.A,11HA,Alberto Stolfi / Margaux Failla,coding,exon 2 (accessible),"KhL96:189,173..189,195",AGATAATCGTAATCTACGAA TGG,100,61,-,-,rev,,,,
RAB 11,"RAB11, Member RAS Oncogene Family",KH.L96.34,Rab11.B,No,sgRAB11_e2.B,11HB,Alberto Stolfi / Margaux Failla,coding,exon 2 (accessible),"KhL96:189,205..189,227",GGTCGTCGTGGGCGACTCGG GGG,100,63,-,-,fwd,,,,GGTCGTCGTGGGCGACTCGG GGG : sgRNA with a SNP
RAB 11,"RAB11, Member RAS Oncogene Family",KH.L96.34,Rab11.C,No,sgRAB11_e3.A,11HC,Alberto Stolfi / Margaux Failla,coding,exon 3 (accessible),"KhL96:189,582..189,604",AATACGCCGATGCAAGCGCG CGG,99,71,-,0.2107,rev,,,,
